Country,Region,Happiness score,Whisker-high,Whisker-low,Dystopia (1.92) + residual,Economy GDP per capita,Social support,Healthy life expectancy,Freedom to make life choices,Generosity,Perceptions of corruption,country_code
Afghanistan,Southern Asia,3.63150000572205,3.71452529236674,3.54847471907735,2.1959183216095,0.331814259290695,0.537191331386566,0.254771560430527,0.0845517739653587,0.191003918647766,0.0362676978111267,AFG
Albania,Central and Eastern Europe,4.58599996566772,4.69539302870631,4.47660690262914,1.46214771270752,0.915782332420349,0.817404687404633,0.790387153625488,0.41866934299469,0.14921273291111,0.0324355699121952,ALB
Algeria,Middle East and Northern Africa,5.29460000991821,5.40649052351713,5.18270949631929,2.20853471755981,0.978857398033142,1.15365600585938,0.686598539352417,0.0772797837853432,0.0551946423947811,0.134516581892967,DZA
Angola,Sub-Saharan Africa,3.79480004310608,3.95144190222025,3.63815818399191,1.53053092956543,0.730156660079956,1.12502038478851,0.268985629081726,0,0.0788681730628014,0.0612761490046978,AGO
Argentina,Latin America and Caribbean,6.38800001144409,6.48501414045692,6.29098588243127,2.41820073127747,1.07267069816589,1.46834146976471,0.743585169315338,0.569710254669189,0.0619422122836113,0.0535070784389973,ARG
Armenia,Central and Eastern Europe,4.3206000328064,4.41193547606468,4.22926458954811,1.48299384117126,0.816387414932251,0.990200042724609,0.666189014911652,0.260099738836288,0.0770520865917206,0.0276431497186422,ARM
Australia,Australia and New Zealand,7.27209997177124,7.35846335321665,7.18573659032583,2.13923645019531,1.33995127677917,1.57253634929657,0.910444676876068,0.646525800228119,0.361004859209061,0.302351891994476,AUS
Austria,Western Europe,7.13940000534058,7.20944800168276,7.06935200899839,2.31947803497314,1.34135162830353,1.50410151481628,0.891358375549316,0.617242217063904,0.242010593414307,0.223820000886917,AUT
Azerbaijan,Central and Eastern Europe,5.20060014724731,5.26987567409873,5.1313246203959,1.77556562423706,1.02401828765869,1.16089129447937,0.602876424789429,0.429843485355377,0.030907966196537,0.176491767168045,AZE
Bahrain,Middle East and Northern Africa,6.10510015487671,6.1914037437737,6.01879656597972,1.74286127090454,1.33776962757111,1.36563968658447,0.698415517807007,0.594379961490631,0.24293951690197,0.123062886297703,BHR
Bangladesh,Southern Asia,4.50040006637573,4.58295038595796,4.41784974679351,1.66353559494019,0.532337546348572,0.849565088748932,0.578533232212067,0.57963240146637,0.152980029582977,0.143806591629982,BGD
Belarus,Central and Eastern Europe,5.48330020904541,5.55772348076105,5.40887693732977,1.68403768539429,1.0387806892395,1.49776136875153,0.700122237205505,0.307283222675323,0.100974969565868,0.154366195201874,BLR
Belgium,Western Europe,6.92689990997314,6.99495030656457,6.85884951338172,2.2150411605835,1.32352244853973,1.48287582397461,0.894324600696564,0.582692801952362,0.18803545832634,0.240393251180649,BEL
Belize,Latin America and Caribbean,5.95559978485107,6.19684225142002,5.71435731828213,2.70978474617004,0.806729137897491,1.10088777542114,0.474332898855209,0.592750668525696,0.182559639215469,0.0886015668511391,BLZ
Benin,Sub-Saharan Africa,4.14139986038208,4.2549909093976,4.02780881136656,2.48081731796265,0.377803832292557,0.372498482465744,0.240425631403923,0.43974980711937,0.163235366344452,0.0668337047100067,BEN
Bhutan,Southern Asia,5.08209991455078,5.19556304007769,4.96863678902388,1.3482608795166,0.796362400054932,1.3346152305603,0.526566803455353,0.541495323181152,0.364007264375687,0.170820683240891,BTN
Bolivia,Latin America and Caribbean,5.75190019607544,5.84198273390532,5.66181765824556,2.46861743927002,0.751110255718231,1.22306048870087,0.508388459682465,0.605736494064331,0.141153305768967,0.0538231916725636,BOL
Bosnia and Herzegovina,Central and Eastern Europe,5.12939977645874,5.2240843398869,5.03471521303058,1.88259482383728,0.914917349815369,1.07805216312408,0.757558047771454,0.280308336019516,0.215923264622688,0,BIH
Botswana,Sub-Saharan Africa,3.58979988098145,3.70418463245034,3.47541512951255,0.291650533676147,1.01657462120056,1.17361521720886,0.416565388441086,0.556795656681061,0.0423686727881432,0.092258557677269,BWA
Brazil,Latin America and Caribbean,6.41890001296997,6.51515566959977,6.32264435634017,2.59202551841736,0.985896050930023,1.4743058681488,0.675137639045715,0.493463695049286,0.110258348286152,0.0878032743930817,BRA
Bulgaria,Central and Eastern Europe,4.93310022354126,5.02193236768246,4.84426807940006,1.21879243850708,1.05443739891052,1.5152291059494,0.712353706359863,0.358757168054581,0.0642126351594925,0.00934199150651693,BGR
Burkina Faso,Sub-Saharan Africa,4.42439985275269,4.51718199968338,4.33161770582199,2.14489603042603,0.313666790723801,1.09674203395844,0.254065334796906,0.311635315418243,0.175455018877983,0.12793080508709,BFA
Burundi,Sub-Saharan Africa,2.90450000762939,3.07419036924839,2.7348096460104,1.75179350376129,0.090806245803833,0.626902341842651,0.145325094461441,0.0648504197597504,0.148904055356979,0.0759533494710922,BDI
Cambodia,Southeastern Asia,4.43260002136231,4.53574703752995,4.32945300519466,1.32125425338745,0.548668622970581,1.08826005458832,0.456770122051239,0.696382701396942,0.256326526403427,0.0649257749319077,KHM
Cameroon,Sub-Saharan Africa,4.97529983520508,5.09026363030076,4.8603360401094,2.68765068054199,0.53466135263443,0.890813171863556,0.182390257716179,0.453617990016937,0.182793661952019,0.0433999858796597,CMR
Canada,North America,7.32849979400635,7.42073511913419,7.23626446887851,2.30574989318848,1.33041179180145,1.53190982341766,0.895845651626587,0.653067052364349,0.320637285709381,0.290906965732574,CAN
Central African Republic,Sub-Saharan Africa,3.08299994468689,3.22658180862665,2.93941808074713,2.4870114326477,0.0239054299890995,0,0.0101000545546412,0.305280297994614,0.218356087803841,0.0383443087339401,CAF
Chad,Sub-Saharan Africa,4.30060005187988,4.42048933207989,4.18071077167988,2.55323266983032,0.357829451560974,0.907013118267059,0.0528424568474293,0.188905477523804,0.18081633746624,0.0599477216601372,TCD
Chile,Latin America and Caribbean,6.47620010375977,6.56483077570796,6.38756943181157,2.5165913105011,1.13130509853363,1.33102059364319,0.808375120162964,0.431229501962662,0.197056353092194,0.0606111101806164,CHL
China,Eastern Asia,5.24580001831055,5.29445750974119,5.19714252687991,1.58632707595825,0.989317059516907,1.14197683334351,0.799402475357056,0.596788108348846,0.0286510866135359,0.103335373103619,CHN
Colombia,Latin America and Caribbean,6.2600998878479,6.35835850358009,6.16184127211571,2.5563325881958,0.960427522659302,1.43882095813751,0.635055601596832,0.53142637014389,0.0985910594463348,0.0394277833402157,COL
Congo (Brazzaville),Sub-Saharan Africa,4.55870008468628,4.68774154573679,4.42965862363577,2.04075503349304,0.681599318981171,0.810759425163269,0.34297451376915,0.513789057731628,0.0914930775761604,0.0773010477423668,COG
Congo (Kinshasa),Sub-Saharan Africa,4.24490022659302,4.34078002765775,4.14902042552829,2.27395534515381,0.0692258551716805,1.13561642169952,0.204326674342155,0.312345266342163,0.197224453091621,0.052252110093832,COD
Costa Rica,Latin America and Caribbean,7.07170009613037,7.159922683388,6.98347750887275,2.91054248809814,1.01008594036102,1.45889365673065,0.816699385643005,0.631519436836243,0.143298998475075,0.100614324212074,CRI
Croatia,Central and Eastern Europe,5.32119989395142,5.39841124787927,5.24398854002357,1.76895713806152,1.11491966247559,1.16097056865692,0.737016618251801,0.380374670028687,0.120023772120476,0.0389480590820312,HRV
Cyprus,Western Europe,5.76249980926514,5.87049105137587,5.65450856715441,1.7736120223999,1.22881591320038,1.190749168396,0.909132301807404,0.422753512859345,0.202494576573372,0.0349761806428432,CYP
Czech Republic,Central and Eastern Europe,6.7108998298645,6.78262758135796,6.63917207837105,2.49379634857178,1.23346829414368,1.48931849002838,0.854075908660889,0.54264235496521,0.0639665722846985,0.0336368381977081,CZE
Denmark,Western Europe,7.55530023574829,7.62329151883721,7.48730895265937,2.37017917633057,1.35115301609039,1.59045279026032,0.86793315410614,0.683250784873962,0.284391671419144,0.407916992902756,DNK
Dominican Republic,Latin America and Caribbean,5.30179977416992,5.42552234888077,5.17807719945908,1.46090364456177,0.98168158531189,1.44073498249054,0.614489912986755,0.578275084495544,0.119947083294392,0.105739913880825,DOM
Ecuador,Latin America and Caribbean,5.97319984436035,6.07588616073132,5.87051352798939,2.22807955741882,0.889164626598358,1.33014023303986,0.735578954219818,0.556145906448364,0.11391793191433,0.120153471827507,ECU
Egypt,Middle East and Northern Africa,4.41919994354248,4.51027336269617,4.32812652438879,1.44424867630005,0.885383725166321,1.02501952648163,0.553413391113281,0.312076687812805,0.0924183055758476,0.106616735458374,EGY
El Salvador,Latin America and Caribbean,6.16680002212524,6.27226542517543,6.06133461907506,2.88355445861816,0.805826723575592,1.23068308830261,0.638641238212585,0.460673451423645,0.0650652423501015,0.0823368057608604,SLV
Estonia,Central and Eastern Europe,5.73920011520386,5.81533925563097,5.66306097477674,1.45713424682617,1.20002222061157,1.53241109848022,0.737265110015869,0.552792966365814,0.0857286900281906,0.173867464065552,EST
Ethiopia,Sub-Saharan Africa,4.35020017623901,4.42886831000447,4.27153204247356,1.88353872299194,0.307929337024689,0.950279116630554,0.390917956829071,0.451902240514755,0.219598338007927,0.146037772297859,ETH
Finland,Western Europe,7.63210010528564,7.69491303533316,7.56928717523813,2.59518623352051,1.30509531497955,1.59213423728943,0.874453663825989,0.68063348531723,0.191638067364693,0.392960995435715,FIN
France,Western Europe,6.48929977416992,6.56861817106605,6.4099813772738,2.0277533531189,1.2927850484848,1.46644556522369,0.908495008945465,0.520305931568146,0.0978379175066948,0.17569075524807,FRA
Gabon,Sub-Saharan Africa,4.75829982757568,4.85956211164594,4.65703754350543,1.71459817886353,1.03627717494965,1.16353261470795,0.404058188199997,0.356286913156509,0.0320363119244575,0.0515572726726532,GAB
Georgia,Central and Eastern Europe,4.34049987792969,4.42493002295494,4.25606973290443,1.62398838996887,0.853284239768982,0.591945350170136,0.642591416835785,0.375448495149612,0.038494136184454,0.214739367365837,GEO
Germany,Western Europe,6.96470022201538,7.02429585807025,6.90510458596051,2.1507568359375,1.33961987495422,1.47435283660889,0.860524952411652,0.586154520511627,0.273495316505432,0.279843032360077,DEU
Ghana,Sub-Saharan Africa,4.65700006484985,4.76542721793056,4.54857291176915,2.09320116043091,0.591718316078186,0.895752906799316,0.337242603302002,0.498528212308884,0.211772680282593,0.0287570431828499,GHA
Greece,Western Europe,5.35790014266968,5.45594488814473,5.25985539719462,1.94815969467163,1.1538006067276,1.20191442966461,0.878591656684876,0.130929097533226,0,0.0444650575518608,GRC
Guatemala,Latin America and Caribbean,6.3818998336792,6.49689929693937,6.26690037041903,2.87071871757507,0.781324744224548,1.26767647266388,0.608414053916931,0.604297757148743,0.178806632757187,0.0706143602728844,GTM
Guinea,Sub-Saharan Africa,3.9640998840332,4.0702229321003,3.85797683596611,1.94283223152161,0.343708038330078,0.792455911636353,0.211473703384399,0.394319534301758,0.185486078262329,0.0938246697187424,GIN
Haiti,Latin America and Caribbean,3.58200001716614,3.71349273175001,3.45050730258226,1.74365091323853,0.314747214317322,0.713609337806702,0.289200156927109,0.0248435996472836,0.392342329025269,0.103566206991673,HTI
Honduras,Latin America and Caribbean,5.50400018692017,5.62962841272354,5.37837196111679,2.32779932022095,0.619635105133057,1.20519328117371,0.622406959533691,0.458619654178619,0.19681079685688,0.0735804215073586,HND
"Hong Kong SAR, China",Eastern Asia,5.43039989471436,5.5233232831955,5.33747650623322,0.643622398376465,1.40506184101105,1.28998160362244,1.02965033054352,0.524216651916504,0.246465057134628,0.291430532932281,HKG
Hungary,Central and Eastern Europe,5.61999988555908,5.69886641025543,5.54113336086273,1.97410273551941,1.17103612422943,1.40131711959839,0.731545448303223,0.25900799036026,0.0607123300433159,0.0222604759037495,HUN
Iceland,Western Europe,7.49520015716553,7.59253370791674,7.39786660641432,2.42598962783813,1.34330129623413,1.64437806606293,0.9138023853302,0.676502168178558,0.353233218193054,0.138018980622292,ISL
India,Southern Asia,4.18979978561401,4.23711615771055,4.14248341351748,1.43179965019226,0.721260070800781,0.747142851352692,0.484927713871002,0.539312422275543,0.172187522053719,0.0931819081306458,IND
Indonesia,Southeastern Asia,5.09259986877441,5.19378190860152,4.99141782894731,1.41675519943237,0.899046778678894,1.21457231044769,0.522390305995941,0.538158118724823,0.484024584293366,0.0176312141120434,IDN
Iran,Middle East and Northern Africa,4.70660018920898,4.82240858599544,4.59079179242253,1.31486439704895,1.05853426456451,0.771397829055786,0.690756142139435,0.459353893995285,0.282385379076004,0.129270076751709,IRN
Iraq,Middle East and Northern Africa,4.45559978485107,4.60175657629967,4.30944299340248,1.39262914657593,1.00986647605896,0.971212029457092,0.535986959934235,0.303684383630753,0.147654816508293,0.0946055576205254,IRQ
Ireland,Western Europe,6.9770998954773,7.05466912850738,6.89953066244721,1.84429788589478,1.44758212566376,1.58263492584229,0.876285493373871,0.613965392112732,0.306510478258133,0.305818885564804,IRL
Israel,Middle East and Northern Africa,7.19000005722046,7.2569225512445,7.12307756319642,2.81672668457031,1.24382412433624,1.4329104423523,0.888351380825043,0.464047759771347,0.262455672025681,0.0816827490925789,ISR
Italy,Western Europe,6.00040006637573,6.08266740635037,5.91813272640109,1.8431191444397,1.26414048671722,1.50064933300018,0.946430563926697,0.281019121408463,0.136545360088348,0.0284510347992182,ITA
Ivory Coast,Sub-Saharan Africa,4.67119979858398,4.77996762096882,4.56243197619915,2.46267509460449,0.540813088417053,0.871533334255219,0.0803210958838463,0.466516643762589,0.146393358707428,0.102956160902977,CIV
Jamaica,Latin America and Caribbean,5.88980007171631,6.12615732133389,5.65344282209873,2.18181896209717,0.818555355072022,1.49314963817596,0.693395674228668,0.575272679328918,0.0962750315666199,0.0312916487455368,JAM
Japan,Eastern Asia,5.91499996185303,5.99672050192952,5.83327942177653,1.39003467559814,1.29421126842499,1.46160185337067,0.987902402877808,0.553002715110779,0.0786065086722374,0.149674996733665,JPN
Jordan,Middle East and Northern Africa,5.16069984436035,5.26947452291846,5.05192516580224,1.69741082191467,0.821585595607758,1.26498186588287,0.644879877567291,0.467821836471558,0.129848301410675,0.134173959493637,JOR
Kazakhstan,Central and Eastern Europe,5.79010009765625,5.87085971474648,5.70934048056602,1.77773475646973,1.14262199401855,1.51647770404816,0.631318390369415,0.453601986169815,0.147593170404434,0.120705299079418,KAZ
Kenya,Sub-Saharan Africa,4.4096999168396,4.51330296710134,4.30609686657786,1.50298500061035,0.493055075407028,1.04794943332672,0.454412162303925,0.503699600696564,0.35246929526329,0.0551365092396736,KEN
Kosovo,Central and Eastern Europe,5.66209983825684,5.75676605284214,5.56743362367153,2.25491380691528,0.85480397939682,1.22978484630585,0.577671647071838,0.448167085647583,0.273846745491028,0.022960901260376,RKS
Kuwait,Middle East and Northern Africa,6.08339977264404,6.17063985347748,5.99615969181061,1.80519390106201,1.47371482849121,1.30149006843567,0.675150752067566,0.554281115531921,0.167375072836876,0.106181211769581,KWT
Kyrgyzstan,Middle East and Northern Africa,5.13079977035522,5.216756965518,5.04484257519245,1.7358877658844,0.529648721218109,1.41638851165771,0.593676209449768,0.539891123771668,0.280681848526001,0.0345802120864391,KGZ
Laos,Eastern Asia,4.62309980392456,4.77348094731569,4.47271866053343,1.39944052696228,0.719760537147522,1.03352820873261,0.440834879875183,0.626212656497955,0.22968578338623,0.173678115010262,LAO
Latvia,Central and Eastern Europe,5.93310022354126,6.00350488692522,5.8626955601573,2.1389856338501,1.14800405502319,1.45431220531464,0.670852482318878,0.362944930791855,0.0916519463062286,0.0663347020745277,LVA
Lebanon,Middle East and Northern Africa,5.19890022277832,5.2875408321619,5.11025961339474,1.7707347869873,0.964538931846619,1.16640365123749,0.78543347120285,0.291652321815491,0.186524346470833,0.033602774143219,LBN
Lesotho,Sub-Saharan Africa,3.80819988250732,4.04454377025366,3.57185599476099,1.39174151420593,0.472479820251465,1.21494603157043,0.0789806246757507,0.422942072153091,0.115610152482986,0.111504606902599,LSO
Liberia,Sub-Saharan Africa,3.49539995193481,3.62250043690205,3.36829946696758,1.64009940624237,0.0757279470562935,0.858432471752167,0.266598582267761,0.418888568878174,0.205607309937477,0.0300216004252434,LBR
Libya,Middle East and Northern Africa,5.5657000541687,5.68650110319257,5.44489900514483,1.91840767860413,0.985146284103394,1.3498409986496,0.552684605121613,0.495923817157745,0.115527398884296,0.148204535245895,LBY
Lithuania,Central and Eastern Europe,5.95190000534058,6.03718014061451,5.86661987006664,2.13000988960266,1.1968435049057,1.52713596820831,0.715528428554535,0.349856346845627,0.0261604525148869,0.00635549519211054,LTU
Luxembourg,Western Europe,6.90990018844605,6.97532108560204,6.84447929129005,1.76855087280273,1.57607924938202,1.52007114887238,0.896179437637329,0.632019996643066,0.196052372455597,0.320991516113281,LUX
Macedonia,Central and Eastern Europe,5.18480014801025,5.278505461514,5.09109483450651,1.67538022994995,0.959345459938049,1.23932206630707,0.690588176250458,0.394488453865051,0.173220634460449,0.0524614118039608,MKD
Madagascar,Sub-Saharan Africa,3.77360010147095,3.85724451735616,3.68995568558574,1.77768576145172,0.262341797351837,0.90765506029129,0.401769191026688,0.221069887280464,0.154574885964394,0.0485328026115894,MDG
Malawi,Sub-Saharan Africa,3.58680009841919,3.691199041605,3.48240115523338,1.73236680030823,0.186077579855919,0.541424989700317,0.305785357952118,0.530539453029633,0.210318148136139,0.080250546336174,MWI
Malaysia,Southeastern Asia,6.3221001625061,6.47726763039827,6.16693269461393,2.50668621063232,1.16131436824799,1.2582391500473,0.669138252735138,0.356154173612595,0.31143319606781,0.0591556914150715,MYS
Mali,Sub-Saharan Africa,4.44700002670288,4.53885267660022,4.35514737680554,2.12950968742371,0.36980339884758,1.23317778110504,0.151986956596375,0.367292195558548,0.139344662427902,0.0558987036347389,MLI
Malta,Western Europe,6.62659978866577,6.70910302773118,6.54409654960036,1.78375196456909,1.27020072937012,1.52489638328552,0.884366869926453,0.645338833332062,0.375807523727417,0.142246946692467,MLT
Mauritania,Sub-Saharan Africa,4.35550022125244,4.44694941565394,4.26405102685094,1.90533924102783,0.557027459144592,1.2450258731842,0.292034029960632,0.128533661365509,0.134179458022118,0.0933228507637978,MRT
Mauritius,Sub-Saharan Africa,5.8914999961853,6.00602354317904,5.77697644919157,1.85121202468872,1.09013974666595,1.3874260187149,0.683879315853119,0.583902835845947,0.245021834969521,0.0498871579766274,MUS
Mexico,Latin America and Caribbean,6.48820018768311,6.58077895671129,6.39562141865492,2.79451036453247,1.03823459148407,1.25223314762115,0.76066267490387,0.479180783033371,0.0686844512820244,0.0947043001651764,MEX
Moldova,Central and Eastern Europe,5.63969993591309,5.71156973943114,5.56783013239503,2.65876317024231,0.656608581542969,1.3006945848465,0.620221078395844,0.232162684202194,0.17094849050045,0.000325575936585665,MDA
Mongolia,Eastern Asia,5.12459993362427,5.19878491863608,5.05041494861245,1.43815112113953,0.914174377918243,1.51724553108215,0.575362205505371,0.395128399133682,0.252841472625732,0.0317130275070667,MNG
Montenegro,Central and Eastern Europe,5.34749984741211,5.45010137066245,5.24489832416177,1.86953973770142,1.01727843284607,1.27939319610596,0.729212582111359,0.25927010178566,0.11140763014555,0.0814469009637833,MNE
Morocco,Middle East and Northern Africa,5.2536997795105,5.32828773081303,5.17911182820797,2.44786643981934,0.778792440891266,0.797342300415039,0.668939471244812,0.460116356611252,0.0263964496552944,0.0742597579956055,MAR
Mozambique,Sub-Saharan Africa,4.41660022735596,4.57683304190636,4.25636741280556,2.24931979179382,0.198004320263863,0.901896715164185,0.172653317451477,0.530865669250488,0.205627605319023,0.158241420984268,MOZ
Myanmar,Southeastern Asia,4.30779981613159,4.38256199747324,4.23303763478994,0.667343139648438,0.682132005691528,1.17367851734161,0.429392069578171,0.579642117023468,0.597568035125732,0.178058266639709,MMR
Namibia,Sub-Saharan Africa,4.44129991531372,4.65369312345982,4.22890670716763,1.28662586212158,0.873821794986725,1.28135228157043,0.365403980016708,0.519291520118713,0.0506284311413765,0.0641822442412376,NAM
Nepal,Southern Asia,4.88040018081665,4.99171549871564,4.76908486291766,1.78218007087708,0.425378203392029,1.22822797298431,0.53862863779068,0.526130676269531,0.302018612623215,0.0778836533427238,NPL
Netherlands,Western Europe,7.44129991531372,7.49835280187428,7.38424702875316,2.44842529296875,1.36090898513794,1.48827695846558,0.877710044384003,0.638065040111542,0.333357572555542,0.294594615697861,NLD
New Zealand,Australia and New Zealand,7.3238000869751,7.4006518240273,7.2469483499229,2.15616798400879,1.26801609992981,1.6006246805191,0.876075565814972,0.668867230415344,0.365170270204544,0.388840347528458,NZL
Nicaragua,Latin America and Caribbean,6.14099979400635,6.25567658632994,6.02632300168276,2.59045147895813,0.668299376964569,1.3194842338562,0.699841558933258,0.526742875576019,0.207668080925941,0.12847875058651,NIC
Niger,Sub-Saharan Africa,4.16550016403198,4.27047286450863,4.06052746355534,2.28271961212158,0.131352782249451,0.866567730903626,0.220829218626022,0.389786452054977,0.175356820225716,0.0989039167761803,NER
Nigeria,Sub-Saharan Africa,5.15539979934692,5.27531217440963,5.03548742428422,2.55215382575989,0.689119935035706,1.1717095375061,0.0477200746536255,0.461857050657272,0.201041728258133,0.0317503549158573,NGA
Northern Cyprus,Western Europe,5.83479976654053,5.95430526167154,5.71529427140951,1.65875148773193,1.22881591320038,1.21101057529449,0.909132301807404,0.494896501302719,0.178680941462517,0.153538778424263,CYP
Norway,Western Europe,7.59369993209839,7.65707707628608,7.5303227879107,2.38324165344238,1.45562672615051,1.58233964443207,0.860762715339661,0.686420261859894,0.285636305809021,0.339687198400497,NOR
Pakistan,Southern Asia,5.47249984741211,5.54843726739287,5.39656242743135,2.92302131652832,0.652440428733826,0.809543192386627,0.423742711544037,0.334344774484634,0.216079860925674,0.113293156027794,PAK
Palestinian Territories,Middle East and Northern Africa,4.74329996109009,4.85059737890959,4.63600254327059,1.85314726829529,0.642410695552826,1.21677112579346,0.6024050116539,0.266158401966095,0.0859548300504684,0.0764569342136383,PSE
Panama,Latin America and Caribbean,6.42999982833862,6.53891778558493,6.32108187109232,2.33618021011353,1.11220049858093,1.43839037418365,0.758799850940704,0.596867084503174,0.124509714543819,0.0630914345383644,PAN
Paraguay,Latin America and Caribbean,5.6806001663208,5.78422642096877,5.57697391167283,1.93228054046631,0.834580302238464,1.5220855474472,0.615015685558319,0.540538311004639,0.162014126777649,0.0740457102656364,PRY
Peru,Latin America and Caribbean,5.66319990158081,5.77043477416039,5.55596502900124,2.15094256401062,0.933516442775726,1.2489777803421,0.674034237861633,0.529976725578308,0.0915544629096985,0.0341666489839554,PER
Philippines,Southeastern Asia,5.52409982681274,5.63681197866798,5.41138767495751,2.05579328536987,0.77534019947052,1.31237256526947,0.512647867202759,0.642839789390564,0.119924291968346,0.105176493525505,PHL
Poland,Central and Eastern Europe,6.1230001449585,6.19849418446422,6.04750610545278,2.00166320800781,1.17554104328156,1.44783234596252,0.780831038951874,0.545728802680969,0.107574678957462,0.0638600885868073,POL
Portugal,Western Europe,5.41039991378784,5.50878803014755,5.31201179742813,1.27622556686401,1.18751454353333,1.42946827411652,0.883593618869782,0.562037467956543,0.05491117015481,0.0166215822100639,PRT
Qatar,Middle East and Northern Africa,6.37449979782105,6.56797661215067,6.18102298349142,1.59306335449219,1.64905393123627,1.30331683158875,0.748002648353577,0.654051005840302,0.256496638059616,0.170544922351837,QAT
Romania,Central and Eastern Europe,5.94519996643066,6.03807688042522,5.85232305243611,2.26859521865845,1.11562395095825,1.21884047985077,0.726384043693543,0.527521133422852,0.0875548273324966,0.000692288798745722,ROU
Russia,Central and Eastern Europe,5.80970001220703,5.8756100268662,5.74378999754787,2.09128952026367,1.15109670162201,1.47903835773468,0.598529040813446,0.39928874373436,0.0650565624237061,0.0253718998283148,RUS
Rwanda,Sub-Saharan Africa,3.40809988975525,3.49969779521227,3.31650198429823,0.499957799911499,0.33232781291008,0.895639598369598,0.400057256221771,0.635907590389252,0.199709638953209,0.444492012262344,RWA
Saudi Arabia,Middle East and Northern Africa,6.37090015411377,6.48144444093108,6.26035586729646,2.29334497451782,1.37876451015472,1.33127129077911,0.633422315120697,0.508955597877502,0.098344124853611,0.126835703849792,SAU
Senegal,Sub-Saharan Africa,4.63110017776489,4.70717754691839,4.55502280861139,2.0258457660675,0.428906142711639,1.1174556016922,0.433223307132721,0.405548244714737,0.137994185090065,0.08212511241436,SEN
Serbia,Central and Eastern Europe,5.39820003509522,5.49873127877712,5.29766879141331,1.90470457077026,0.974698424339294,1.36926162242889,0.684971570968628,0.287865787744522,0.133780434727669,0.0428980737924576,SRB
Sierra Leone,Sub-Saharan Africa,4.5706000328064,4.71216701418161,4.42903305143118,2.854811668396,0.25615593791008,0.813196539878845,0,0.355181574821472,0.238217696547508,0.0530226714909077,SLE
Singapore,Southeastern Asia,6.34320020675659,6.40633314266801,6.28006727084517,1.00501585006714,1.52929365634918,1.45116543769836,1.00800096988678,0.631345570087433,0.261410057544708,0.456969857215881,SGP
Slovakia,Central and Eastern Europe,6.17339992523193,6.25365596041083,6.09314389005303,2.16540050506592,1.20988953113556,1.53704690933228,0.77614039182663,0.353522151708603,0.117602199316025,0.0138204284012318,SVK
Slovenia,Central and Eastern Europe,5.9475998878479,6.04294609755278,5.85225367814302,1.52228116989136,1.21904361248016,1.50639021396637,0.856209993362427,0.63292533159256,0.159796267747879,0.05095100030303,SVN
Somalia,Sub-Saharan Africa,4.98150014877319,5.08660812541843,4.87639217212796,2.96051001548767,0,0.711924612522125,0.115404523909092,0.67361968755722,0.23798294365406,0.282091856002808,SOM
South Africa,Sub-Saharan Africa,4.72399997711182,4.8305017721653,4.61749818205833,1.36805033683777,0.939913749694824,1.41044843196869,0.32999050617218,0.516484677791595,0.103360451757908,0.0557455532252789,ZAF
South Korea,Eastern Asia,5.87489986419678,5.9676361207664,5.78216360762715,1.97962689399719,1.26630747318268,1.20415663719177,0.954651772975922,0.244194462895393,0.174520090222359,0.051438607275486,KOR
South Sudan,Sub-Saharan Africa,3.25419998168945,3.38509719491005,3.12330276846886,1.69062519073486,0.337370008230209,0.607501745223999,0.177460104227066,0.111604116857052,0.223926246166229,0.105674624443054,SDD
Spain,Western Europe,6.30989980697632,6.38839877799153,6.2314008359611,1.89232301712036,1.25081467628479,1.53764295578003,0.9648756980896,0.448841243982315,0.141555830836296,0.0738247558474541,ESP
Sri Lanka,Southern Asia,4.47060012817383,4.59181922852993,4.34938102781773,0.623762369155884,0.917850196361542,1.31435775756836,0.671899437904358,0.585125803947449,0.307415723800659,0.0501836724579334,LKA
Sudan,Sub-Saharan Africa,4.13870000839233,4.34544723451138,3.93195278227329,1.74954724311829,0.605020046234131,1.24004352092743,0.312173068523407,0.0162349790334702,0.13390251994133,0.0817515254020691,SDN
Sweden,Western Europe,7.3144998550415,7.38828956231475,7.24071014776826,2.21685838699341,1.3554390668869,1.5014808177948,0.913462042808533,0.659404277801514,0.284667521715164,0.383211880922318,SWE
Switzerland,Western Europe,7.48729991912842,7.56999369263649,7.40460614562035,2.31952857971191,1.41972708702087,1.54899823665619,0.927075922489166,0.659779489040375,0.255525141954422,0.356677263975143,CHE
Syria,Middle East and Northern Africa,3.46189999580383,3.66356865942478,3.26023133218288,1.24414348602295,0.688779056072235,0.381640702486038,0.53884881734848,0.0882771387696266,0.375908672809601,0.1443150639534,SYR
Taiwan Province of China,Eastern Asia,6.44059991836548,6.524781255126,6.35641858160496,2.13612651824951,1.36505270004272,1.43596792221069,0.85737544298172,0.417558610439301,0.150619149208069,0.0778594985604286,TWN
Tajikistan,Middle East and Northern Africa,5.35249996185303,5.43353999570012,5.27145992800593,2.24843335151672,0.474139273166657,1.17897534370422,0.597869098186493,0.503496766090393,0.214078605175018,0.135537102818489,TJK
Tanzania,Sub-Saharan Africa,3.3034999370575,3.41390297502279,3.1930968990922,0.628085136413574,0.454863578081131,0.99113404750824,0.381296992301941,0.48092457652092,0.270036578178406,0.0971952825784683,TZA
Thailand,Southeastern Asia,6.07229995727539,6.16085596337915,5.98374395117164,1.9023003578186,1.01596796512604,1.41725397109985,0.706718862056732,0.637334287166595,0.363567680120468,0.0291445832699537,THA
Togo,Sub-Saharan Africa,3.99850010871887,4.10990616321564,3.88709405422211,2.31896138191223,0.259359329938889,0.474270701408386,0.252903401851654,0.434124290943146,0.158204942941666,0.100676745176315,TGO
Trinidad and Tobago,Latin America and Caribbean,6.19189977645874,6.41621875405312,5.96758079886437,2.14845275878906,1.22270572185516,1.49215185642242,0.563751518726349,0.575080752372742,0.171069845557213,0.0186473671346903,TTO
Tunisia,Middle East and Northern Africa,4.59240007400513,4.67696502059698,4.50783512741327,1.72241497039795,0.899739861488342,0.906432449817658,0.690319120883942,0.270507365465164,0.0402079038321972,0.0627439692616463,TUN
Turkey,Middle East and Northern Africa,5.48250007629395,5.58256025195122,5.38243990063667,1.72944021224976,1.14833748340607,1.38044583797455,0.685619711875916,0.324275553226471,0.105601727962494,0.108782045543194,TUR
Turkmenistan,Middle East and Northern Africa,5.63619995117188,5.69293625995517,5.57946364238858,1.91806077957153,1.01558554172516,1.53282928466797,0.516750037670136,0.41660150885582,0.199084967374802,0.0373101681470871,TKM
Uganda,Sub-Saharan Africa,4.16079998016357,4.28179603219032,4.03980392813683,1.74216198921204,0.321773260831833,1.09010863304138,0.236990958452225,0.449713230133057,0.25942125916481,0.0606043636798859,UGA
Ukraine,Central and Eastern Europe,4.10290002822876,4.19653773650527,4.00926231995225,0.926899194717407,0.792998015880585,1.41276490688324,0.609263420104981,0.162574142217636,0.186958491802216,0.0114408154040575,UKR
United Arab Emirates,Middle East and Northern Africa,6.77409982681274,6.8444949105382,6.70370474308729,2.09586048126221,1.46712458133698,1.29555630683899,0.776146173477173,0.669837713241577,0.283917754888535,0.18562638759613,ARE
United Kingdom,Western Europe,6.81430006027222,6.88742639809847,6.74117372244597,1.91200637817383,1.30131042003632,1.55873262882233,0.883212029933929,0.532672703266144,0.35432556271553,0.272071450948715,GBR
United States,North America,6.88600015640259,6.97449164584279,6.79750866696239,2.22715139389038,1.39804303646088,1.470543384552,0.818961679935455,0.547317564487457,0.290589094161987,0.133433982729912,USA
Uruguay,Latin America and Caribbean,6.37879991531372,6.47361979141831,6.28398003920913,2.14697742462158,1.0926628112793,1.45879244804382,0.770585298538208,0.624857485294342,0.129616439342499,0.155334457755089,URY
Uzbekistan,Middle East and Northern Africa,6.09609985351563,6.19582658112049,5.99637312591076,1.87693691253662,0.71885073184967,1.58442652225494,0.604837954044342,0.724477112293243,0.327792227268219,0.258747041225433,UZB
Venezuela,Latin America and Caribbean,4.8056001663208,4.95619996249676,4.65500037014484,1.44236779212952,0.995664775371552,1.46941351890564,0.657052218914032,0.133104220032692,0.056320071220398,0.0516317300498486,VEN
Vietnam,Southeastern Asia,5.10319995880127,5.17677193328738,5.02962798431516,1.44729614257813,0.714631497859955,1.36500608921051,0.701524972915649,0.618242502212524,0.177046120166779,0.0794989392161369,VNM
Yemen,Middle East and Northern Africa,3.35489988327026,3.44801333159208,3.26178643494844,1.10647392272949,0.441527247428894,1.07261276245117,0.343216300010681,0.24387027323246,0.0830916911363602,0.0641455948352814,YEM
Zambia,Sub-Saharan Africa,4.37709999084473,4.50768564611673,4.24651433557272,1.66689682006836,0.562391102313995,1.04740571975708,0.29451596736908,0.502600073814392,0.221372172236443,0.0819481685757637,ZMB
Zimbabwe,Sub-Saharan Africa,3.69230008125305,3.8056004986167,3.57899966388941,1.35591244697571,0.357282936573029,1.09431481361389,0.247891172766685,0.405982255935669,0.131962507963181,0.0989395976066589,ZWE
